SUMMARY OUTPUT,,,,,,,,
,,,,,,,,
Regression Statistics,,,,,,,,
Multiple R,0.784550744,,,,,,,
R Square,0.61551987,,,,,,,
Adjusted R Square,0.612507293,,,,,,,
Standard Error,10.39914264,,,,,,,
Observations,1030,,,,,,,
,,,,,,,,
ANOVA,,,,,,,,
,df,SS,MS,F,Significance F,,,
Regression,8,176762.034,22095.25425,204.3167317,6.286E-206,,,
Residual,1021,110413.1532,108.1421676,,,,,
Total,1029,287175.1871,,,,,,
,,,,,,,,
,Coefficients,Standard Error,t Stat,P-value,Lower 95%,Upper 95%,Lower 95.0%,Upper 95.0%
Intercept,-23.33121358,26.58550397,-0.877591548,0.380371872,-75.49968676,28.83725959,-75.49968676,28.83725959
cement,0.119804334,0.008489017,14.11286339,1.89799E-41,0.10314642,0.136462249,0.10314642,0.136462249
blast_furnace_slag,0.103865809,0.010135802,10.24741906,1.59899E-23,0.083976425,0.123755193,0.083976425,0.123755193
fly_ash,0.087934322,0.012583316,6.988167538,5.01965E-12,0.063242204,0.112626439,0.063242204,0.112626439
water,-0.149918419,0.040177036,-3.731445502,0.00020088,-0.228757421,-0.071079417,-0.228757421,-0.071079417
superplasticizer,0.292224595,0.09342408,3.127936554,0.001810241,0.108899441,0.475549749,0.108899441,0.475549749
coarse_aggregate,0.018086215,0.009392236,1.925655904,0.054424813,-0.000344078,0.036516507,-0.000344078,0.036516507
fine_aggregate ,0.020190351,0.010701685,1.886651594,0.059490755,-0.00080946,0.041190162,-0.00080946,0.041190162
age,0.114222068,0.005427148,21.04642624,5.78249E-82,0.103572429,0.124871707,0.103572429,0.124871707
,,,,,,,,
,,,,,,,,
,,,,,,,,
RESIDUAL OUTPUT,,,,,,,,
,,,,,,,,
Observation,Predicted concrete_compressive_strength,Residuals,,,,,,
1,53.46346329,26.52653671,,,,,,
2,53.73475651,8.155243491,,,,,,
3,56.81258504,-16.54258504,,,,,,
4,67.66368153,-26.61368153,,,,,,
5,60.91205585,-16.61205585,,,,,,
6,26.85991563,20.17008437,,,,,,
7,68.42076149,-24.72076149,,,,,,
8,29.92792448,6.522075521,,,,,,
9,19.7781474,26.0718526,,,,,,
10,31.44208441,7.847915589,,,,,,
11,30.07209741,7.997902589,,,,,,
12,22.99032918,5.029670823,,,,,,
13,58.32674497,-15.31674497,,,,,,
14,25.64858768,16.68141232,,,,,,
15,20.38381137,27.42618863,,,,,,
16,28.67690755,24.23309245,,,,,,
17,31.86648277,7.493517232,,,,,,
18,59.48231235,-3.342312354,,,,,,
19,37.00969271,3.550307287,,,,,,
20,48.80383879,-6.183838791,,,,,,
21,48.04675882,-6.206758825,,,,,,
22,24.78471453,3.455285465,,,,,,
23,21.92916283,-13.86916283,,,,,,
24,42.14646891,2.063531085,,,,,,
25,60.08797633,-7.567976327,,,,,,
26,49.23687984,4.063120161,,,,,,
27,57.569665,-16.419665,,,,,,
28,38.35122972,13.76877028,,,,,,
29,30.68500444,6.744995555,,,,,,
30,29.04342098,9.556579023,,,,,,
31,58.87664838,-3.616648382,,,,,,
32,58.27098441,-5.360984409,,,,,,
33,40.35208356,1.367916443,,,,,,
34,59.08382494,-16.95382494,,,,,,
35,57.05965646,-3.369656463,,,,,,
36,55.29842511,-16.88842511,,,,,,
37,27.65668458,2.423315419,,,,,,
38,36.25261275,1.467387253,,,,,,
39,38.52385264,3.706147355,,,,,,
40,45.01843896,-8.768438961,,,,,,
41,28.07124357,22.38875643,,,,,,
42,69.17784146,-25.47784146,,,,,,
43,66.14952159,-27.14952159,,,,,,
44,38.95689369,14.14310631,,,,,,
45,37.76677268,3.773227321,,,,,,
46,28.28634101,6.793658989,,,,,,
47,25.26669009,-10.21669009,,,,,,
48,47.28967886,-6.529678859,,,,,,
49,25.25802115,1.001978853,,,,,,
50,27.52926104,5.290738955,,,,,,
51,46.53259889,-6.752598893,,,,,,
52,35.92857383,11.00142617,,,,,,
53,34.73845282,-1.618452815,,,,,,
54,27.4655796,21.7244204,,,,,,
55,22.3860511,-7.7960511,,,,,,
56,20.59166574,-5.951665743,,,,,,
57,69.93492142,-28.00492142,,,,,,
58,20.13477747,-11.00477747,,,,,,
59,37.74556575,13.20443425,,,,,,
60,29.17084451,3.849155487,,,,,,
61,48.02555189,6.354448106,,,,,,
62,47.41988792,4.310112079,,,,,,
63,20.10208706,-10.23208706,,,,,,
64,46.20855998,4.451440024,,,,,,
65,37.13990178,11.56009822,,,,,,
66,48.63121587,6.428784133,,,,,,
67,62.70644121,-18.00644121,,,,,,
68,26.77218108,3.507818921,,,,,,
69,18.56681945,22.29318055,,,,,,
70,52.49285882,19.49714118,,,,,,
71,50.94771229,-16.54771229,,,,,,
72,49.26912976,-20.46912976,,,,,,
73,54.10058283,-20.70058283,,,,,,
74,54.86264131,-18.56264131,,,,,,
75,54.99128071,-25.99128071,,,,,,
76,52.89836581,-15.09836581,,,,,,
77,66.50488583,-26.30488583,,,,,,
78,54.10058283,-20.70058283,,,,,,
79,47.6180579,-19.5180579,,,,,,
80,61.10117769,-19.80117769,,,,,,
81,54.10058283,-20.70058283,,,,,,
82,51.29992143,-26.09992143,,,,,,
83,50.54653807,-9.446538068,,,,,,
84,51.09731466,-15.79731466,,,,,,
85,50.99376174,-22.69376174,,,,,,
86,52.4859901,-23.8859901,,,,,,
87,51.09731466,-15.79731466,,,,,,
88,48.15419138,-23.75419138,,,,,,
89,51.09731466,-15.79731466,,,,,,
90,53.64591171,-14.34591171,,,,,,
91,60.25555875,-19.65555875,,,,,,
92,51.09731466,-15.79731466,,,,,,
93,46.02529176,-21.92529176,,,,,,
94,51.40460056,-5.204600559,,,,,,
95,49.72601803,-6.926018033,,,,,,
96,54.55747111,-5.357471106,,,,,,
97,55.31952958,-8.519529582,,,,,,
98,55.44816899,-9.748168986,,,,,,
99,53.35525408,2.244745918,,,,,,
100,66.9617741,-12.0617741,,,,,,
101,54.55747111,-5.357471106,,,,,,
102,48.07494618,-13.17494618,,,,,,
103,61.55806596,-14.65806596,,,,,,
104,54.55747111,-5.357471106,,,,,,
105,51.7568097,-18.3568097,,,,,,
106,51.00342634,3.096573659,,,,,,
107,51.55420294,4.345797064,,,,,,
108,51.45065001,-1.650650009,,,,,,
109,52.94287837,-5.842878374,,,,,,
110,51.55420294,4.345797064,,,,,,
111,48.61107965,-10.61107965,,,,,,
112,51.55420294,4.345797064,,,,,,
113,54.10279998,1.997200017,,,,,,
114,60.71244702,-1.622447019,,,,,,
115,51.55420294,-28.65420294,,,,,,
116,46.48218003,-11.38218003,,,,,,
117,53.80326399,7.286736006,,,,,,
118,52.12468147,7.675318533,,,,,,
119,56.95613454,3.33386546,,,,,,
120,57.71819302,4.081806984,,,,,,
121,57.84683242,-1.14683242,,,,,,
122,55.75391752,12.54608248,,,,,,
123,69.36043754,-2.460437539,,,,,,
124,56.95613454,3.33386546,,,,,,
125,50.47360961,0.226390389,,,,,,
126,63.95672939,-7.556729394,,,,,,
127,56.95613454,3.33386546,,,,,,
128,54.15547314,1.344526861,,,,,,
129,53.40208978,15.09791022,,,,,,
130,53.95286637,17.34713363,,,,,,
131,53.84931344,20.85068656,,,,,,
132,55.34154181,-3.141541808,,,,,,
133,53.95286637,17.34713363,,,,,,
134,51.00974308,16.69025692,,,,,,
135,53.95286637,17.34713363,,,,,,
136,56.50146342,9.498536583,,,,,,
137,63.11111045,11.38888955,,,,,,
138,53.95286637,17.34713363,,,,,,
139,48.88084347,1.019156532,,,,,,
140,57.00148191,6.398518094,,,,,,
141,55.32289938,9.577100621,,,,,,
142,60.15435245,4.145647547,,,,,,
143,60.91641093,3.983589071,,,,,,
144,61.04505033,-0.845050332,,,,,,
145,58.95213543,13.34786457,,,,,,
146,72.55865545,-3.258655451,,,,,,
147,60.15435245,4.145647547,,,,,,
148,53.67182752,1.528172477,,,,,,
149,67.15494731,-8.354947306,,,,,,
150,60.15435245,4.145647547,,,,,,
151,57.35369105,8.746308949,,,,,,
152,56.60030769,17.09969231,,,,,,
153,57.15108428,20.14891572,,,,,,
154,57.04753136,23.15246864,,,,,,
155,58.53975972,-3.63975972,,,,,,
156,57.15108428,20.14891572,,,,,,
157,54.207961,18.782039,,,,,,
158,57.15108428,20.14891572,,,,,,
159,59.69968133,12.00031867,,,,,,
160,66.30932837,13.09067163,,,,,,
161,57.15108428,20.14891572,,,,,,
162,52.07906138,7.81093862,,,,,,
163,60.9992543,3.900745704,,,,,,
164,59.32067177,7.279328231,,,,,,
165,64.15212484,1.047875157,,,,,,
166,64.91418332,1.785816681,,,,,,
167,65.04282272,-2.542822722,,,,,,
168,62.94990782,11.24009218,,,,,,
169,76.55642784,-5.856427841,,,,,,
170,64.15212484,1.047875157,,,,,,
171,57.66959991,-0.069599913,,,,,,
172,71.1527197,-11.9527197,,,,,,
173,64.15212484,1.047875157,,,,,,
174,61.35146344,6.748536559,,,,,,
175,60.59808008,14.90191992,,,,,,
176,61.14885667,18.15114333,,,,,,
177,62.53753211,-6.03753211,,,,,,
178,61.14885667,18.15114333,,,,,,
179,58.20573339,18.59426661,,,,,,
180,61.14885667,18.15114333,,,,,,
181,63.69745372,9.602546281,,,,,,
182,70.30710076,12.29289924,,,,,,
183,61.14885667,18.15114333,,,,,,
184,56.07683377,11.72316623,,,,,,
185,20.15748033,-8.577480335,,,,,,
186,21.41392309,3.036076914,,,,,,
187,23.01303204,1.876967958,,,,,,
188,26.21124995,3.238750046,,,,,,
189,31.23702096,9.472979041,,,,,,
190,19.34953346,-8.969533456,,,,,,
191,20.60597621,1.534023793,,,,,,
192,22.20508516,0.634914836,,,,,,
193,25.40330308,2.256696924,,,,,,
194,30.42907408,4.13092592,,,,,,
195,23.03235575,-10.58235575,,,,,,
196,24.2887985,0.7012015,,,,,,
197,25.88790746,-0.167907456,,,,,,
198,29.08612537,4.873874632,,,,,,
199,34.11189637,3.228103627,,,,,,
200,24.80969565,-9.769695649,,,,,,
201,26.0661384,-5.006138401,,,,,,
202,27.66524736,-1.265247357,,,,,,
203,30.86346527,4.476534731,,,,,,
204,35.88923627,4.680763726,,,,,,
205,22.61247608,-10.14247608,,,,,,
206,23.86891883,-2.948918829,,,,,,
207,25.46802778,-0.568027785,,,,,,
208,28.6662457,5.533754303,,,,,,
209,33.6920167,5.917983298,,,,,,
210,20.93861185,-10.90861185,,,,,,
211,22.19505461,-2.115054606,,,,,,
212,23.79416356,0.685836438,,,,,,
213,26.99238147,4.547618526,,,,,,
214,32.01815248,3.321847521,,,,,,
215,25.32521209,-15.87521209,,,,,,
216,26.58165484,-3.861654836,,,,,,
217,28.18076379,0.289236208,,,,,,
218,31.3789817,7.181018295,,,,,,
219,36.40475271,3.985247291,,,,,,
220,21.02159687,-10.26159687,,,,,,
221,22.27803962,3.201960376,,,,,,
222,23.87714858,-2.33714858,,,,,,
223,27.07536649,1.554633508,,,,,,
224,32.1011375,1.438862503,,,,,,
225,34.21895848,-26.46895848,,,,,,
226,35.47540123,-17.65540123,,,,,,
227,37.07451019,-12.83451019,,,,,,
228,40.2727281,-7.422728102,,,,,,
229,45.29849911,-6.068499107,,,,,,
230,24.86722807,-6.867228075,,,,,,
231,26.12367083,4.266329174,,,,,,
232,27.72277978,17.98722022,,,,,,
233,30.92099769,19.84900231,,,,,,
234,35.9467687,17.9532313,,,,,,
235,24.82639987,-11.64639987,,,,,,
236,26.08284262,-8.242842618,,,,,,
237,27.68195157,12.54804843,,,,,,
238,30.88016949,16.24983051,,,,,,
239,35.90594049,14.06405951,,,,,,
240,21.33348711,-7.97348711,,,,,,
241,22.58992986,-0.269929861,,,,,,
242,24.18903882,0.350961182,,,,,,
243,27.38725673,3.96274327,,,,,,
244,32.41302773,8.446972266,,,,,,
245,22.14861045,-2.218610453,,,,,,
246,23.4050532,2.284946796,,,,,,
247,25.00416216,5.22583784,,,,,,
248,28.20238007,11.38761993,,,,,,
249,33.22815108,11.07184892,,,,,,
250,23.58500365,-9.765003651,,,,,,
251,24.8414464,0.078553598,,,,,,
252,26.44055536,2.779444642,,,,,,
253,29.63877327,8.69122673,,,,,,
254,34.66454427,7.685455725,,,,,,
255,26.43011792,-12.89011792,,,,,,
256,27.68656067,-1.376560669,,,,,,
257,29.28566963,2.354330375,,,,,,
258,32.48388754,10.06611246,,,,,,
259,37.50965854,5.410341458,,,,,,
260,26.85558153,-13.52558153,,,,,,
261,28.11202428,-2.742024283,,,,,,
262,29.71113324,7.688866761,,,,,,
263,32.90935115,11.49064885,,,,,,
264,37.93512216,9.804877844,,,,,,
265,27.59946131,-8.079461313,,,,,,
266,28.85590406,2.494095936,,,,,,
267,30.45501302,8.04498698,,,,,,
268,33.65323093,11.42676907,,,,,,
269,38.67900194,9.140998063,,,,,,
270,26.17147636,-10.73147636,,,,,,
271,27.42791912,-0.657919115,,,,,,
272,29.02702807,4.702971929,,,,,,
273,32.22524598,10.47475402,,,,,,
274,37.25101699,8.588983012,,,,,,
275,24.86626553,-7.64626553,,,,,,
276,26.12270828,3.807291719,,,,,,
277,27.72181724,1.928182763,,,,,,
278,30.92003515,6.049964851,,,,,,
279,35.94580615,7.634193846,,,,,,
280,25.04160029,-11.92160029,,,,,,
281,26.29804304,-1.868043038,,,,,,
282,27.89715199,4.762848006,,,,,,
283,31.09536991,5.544630094,,,,,,
284,36.12114091,8.088859089,,,,,,
285,25.01959707,-11.39959707,,,,,,
286,26.27603982,-4.676039816,,,,,,
287,27.87514877,-0.105148772,,,,,,
288,31.07336668,4.496633316,,,,,,
289,36.09913769,9.270862311,,,,,,
290,26.0418331,-18.7218331,,,,,,
291,27.29827585,-5.79827585,,,,,,
292,28.89738481,2.372615194,,,,,,
293,32.09560272,11.40439728,,,,,,
294,37.12137372,11.54862628,,,,,,
295,27.6068564,-20.2068564,,,,,,
296,28.86329915,-5.353299154,,,,,,
297,30.46240811,0.65759189,,,,,,
298,33.66062602,5.489373978,,,,,,
299,38.68639703,9.463602973,,,,,,
300,32.65666139,-10.15666139,,,,,,
301,33.91310414,0.756895857,,,,,,
302,35.5122131,-0.772213099,,,,,,
303,38.71043101,6.369568989,,,,,,
304,43.73620202,5.233797984,,,,,,
305,33.43822475,-10.29822475,,,,,,
306,34.6946675,7.195332499,,,,,,
307,36.29377646,11.98622354,,,,,,
308,39.49199437,11.54800563,,,,,,
309,44.51776537,11.12223463,,,,,,
310,32.3555989,-9.405598903,,,,,,
311,33.61204165,1.617958346,,,,,,
312,35.21115061,4.72884939,,,,,,
313,38.40936852,10.31063148,,,,,,
314,43.43513953,8.604860473,,,,,,
315,34.04533672,-13.02533672,,,,,,
316,35.30177947,-1.941779467,,,,,,
317,36.90088842,-2.960888423,,,,,,
318,40.09910634,4.040893665,,,,,,
319,45.12487734,0.24512266,,,,,,
320,31.39578117,-16.03578117,,,,,,
321,32.65222392,-3.972223918,,,,,,
322,34.25133287,-3.401332874,,,,,,
323,37.44955079,4.580449214,,,,,,
324,42.47532179,8.584678209,,,,,,
325,33.95730682,-12.17730682,,,,,,
326,35.21374957,7.076250433,,,,,,
327,36.81285852,13.78714148,,,,,,
328,40.01107643,15.81892357,,,,,,
329,45.03684744,15.91315256,,,,,,
330,35.42968212,-11.90968212,,,,,,
331,36.68612487,5.533875128,,,,,,
332,38.28523383,14.21476617,,,,,,
333,41.48345174,18.83654826,,,,,,
334,46.50922274,19.91077726,,,,,,
335,34.37952121,-10.57952121,,,,,,
336,35.63596396,3.134036037,,,,,,
337,37.23507292,14.09492708,,,,,,
338,40.43329083,16.41670917,,,,,,
339,45.45906184,13.15093816,,,,,,
340,33.23198766,-11.32198766,,,,,,
341,34.48843041,2.501569591,,,,,,
342,36.08753937,11.31246063,,,,,,
343,39.28575728,12.67424272,,,,,,
344,44.31152828,12.42847172,,,,,,
345,32.47870035,-14.90870035,,,,,,
346,33.7351431,-0.005143103,,,,,,
347,35.33425206,4.815747941,,,,,,
348,38.53246997,8.107530029,,,,,,
349,43.55824098,6.521759024,,,,,,
350,32.83921813,-15.46921813,,,,,,
351,34.09566088,-0.395660878,,,,,,
352,35.69476983,10.24523017,,,,,,
353,38.89298775,12.53701225,,,,,,
354,43.91875875,15.38124125,,,,,,
355,36.71579063,-6.265790633,,,,,,
356,37.97223338,9.737766616,,,,,,
357,39.57134234,23.56865766,,,,,,
358,42.76956025,24.05043975,,,,,,
359,47.79533126,19.15466874,,,,,,
360,37.53929243,-10.11929243,,,,,,
361,38.79573518,-2.835735178,,,,,,
362,40.39484413,15.11515587,,,,,,
363,43.59306205,18.39693795,,,,,,
364,48.61883305,14.91116695,,,,,,
365,32.64806426,-14.62806426,,,,,,
366,33.90450701,4.695492993,,,,,,
367,35.50361596,16.69638404,,,,,,
368,38.70183388,15.25816612,,,,,,
369,43.72760488,12.90239512,,,,,,
370,29.24824923,-13.90824923,,,,,,
371,30.50469198,-4.454691985,,,,,,
372,32.10380094,-1.883800941,,,,,,
373,35.30201885,1.967981147,,,,,,
374,40.32778986,5.902210142,,,,,,
375,23.42802988,-7.148029881,,,,,,
376,24.68447263,0.935527368,,,,,,
377,26.28358159,5.686418412,,,,,,
378,29.4817995,6.818200499,,,,,,
379,34.50757051,8.552429495,,,,,,
380,54.64314426,12.92685574,,,,,,
381,54.02967831,3.200321687,,,,,,
382,47.30017415,34.44982585,,,,,,
383,47.75888326,16.26111674,,,,,,
384,46.13497077,32.66502923,,,,,,
385,50.47521834,-9.10521834,,,,,,
386,50.92515875,9.354841253,,,,,,
387,48.58150552,8.24849448,,,,,,
388,49.43734232,1.582657679,,,,,,
389,51.94616413,3.603835874,,,,,,
390,43.3910052,0.738994801,,,,,,
391,42.59407892,-3.214078919,,,,,,
392,54.42119739,1.228802612,,,,,,
393,47.2852169,-0.005216905,,,,,,
394,42.00963015,2.320369854,,,,,,
395,36.44089105,15.85910895,,,,,,
396,30.15088106,19.09911894,,,,,,
397,50.5044408,-9.134440799,,,,,,
398,26.66526789,2.494732113,,,,,,
399,30.29395335,9.106046654,,,,,,
400,30.58107224,8.718927759,,,,,,
401,47.51322472,20.35677528,,,,,,
402,47.51143365,11.00856635,,,,,,
403,44.00722592,9.572774077,,,,,,
404,45.97498755,13.02501245,,,,,,
405,51.27068926,24.96931074,,,,,,
406,51.66925151,18.17074849,,,,,,
407,21.22688424,-6.826884236,,,,,,
408,31.12358314,-11.70358314,,,,,,
409,29.6255,-8.895500005,,,,,,
410,31.11016391,-16.17016391,,,,,,
411,27.42025927,-6.130259275,,,,,,
412,29.67008379,-6.590083794,,,,,,
413,31.02407729,-15.50407729,,,,,,
414,31.88939716,-16.06939716,,,,,,
415,24.38130666,-11.83130666,,,,,,
416,22.64146657,-14.15146657,,,,,,
417,31.91955807,-16.30955807,,,,,,
418,22.10802638,-9.928026377,,,,,,
419,24.41288776,-12.43288776,,,,,,
420,22.48332699,-5.603326988,,,,,,
421,32.38002589,0.709974106,,,,,,
422,30.88194276,3.358057244,,,,,,
423,32.36660666,-0.556606665,,,,,,
424,28.67670203,1.073297974,,,,,,
425,30.92652655,2.083473454,,,,,,
426,32.28052004,0.619479963,,,,,,
427,33.14583991,-3.59583991,,,,,,
428,25.63774941,-6.217749413,,,,,,
429,23.89790932,0.762090684,,,,,,
430,33.17600082,-3.586000818,,,,,,
431,23.36446913,0.915530872,,,,,,
432,25.66933051,-4.939330509,,,,,,
433,24.08243594,2.117564056,,,,,,
434,33.97913485,12.41086515,,,,,,
435,32.48105171,6.678948288,,,,,,
436,33.96571562,7.234284379,,,,,,
437,30.27581098,3.414189018,,,,,,
438,32.5256355,5.674364498,,,,,,
439,33.87962899,7.530371007,,,,,,
440,34.74494887,3.065051134,,,,,,
441,27.23685837,-2.386858369,,,,,,
442,25.49701827,1.722981728,,,,,,
443,34.77510977,9.864890226,,,,,,
444,24.96357808,12.30642192,,,,,,
445,27.26843946,6.001560535,,,,,,
446,27.28065386,9.279346144,,,,,,
447,37.17735276,16.54264724,,,,,,
448,35.67926962,12.91073038,,,,,,
449,37.16393353,14.55606647,,,,,,
450,33.47402889,2.375971106,,,,,,
451,35.72385341,18.04614659,,,,,,
452,37.0778469,16.3821531,,,,,,
453,37.94316678,11.04683322,,,,,,
454,30.43507628,1.284923719,,,,,,
455,28.69523618,10.94476382,,,,,,
456,37.97332769,13.28667231,,,,,,
457,28.161796,15.228204,,,,,,
458,30.46665738,8.803342623,,,,,,
459,32.30642486,5.65357514,,,,,,
460,42.20312377,12.81687623,,,,,,
461,40.70504063,9.284959371,,,,,,
462,42.18970454,11.47029546,,,,,,
463,38.4997999,-0.819799899,,,,,,
464,40.74962442,15.31037558,,,,,,
465,42.10361791,14.70638209,,,,,,
466,42.96893778,7.971062217,,,,,,
467,35.46084729,-1.900847286,,,,,,
468,33.72100719,7.438992811,,,,,,
469,42.99909869,9.960901309,,,,,,
470,33.187567,11.092433,,,,,,
471,35.49242838,4.657571618,,,,,,
472,53.70724943,3.322750569,,,,,,
473,53.70724943,-9.287249431,,,,,,
474,53.70724943,-2.687249431,,,,,,
475,53.32735746,0.062642543,,,,,,
476,50.85169772,-15.49169772,,,,,,
477,50.85169772,-25.83169772,,,,,,
478,50.85169772,-27.50169772,,,,,,
479,51.308586,0.701414004,,,,,,
480,51.308586,-13.288586,,,,,,
481,51.308586,-12.008586,,,,,,
482,56.90546734,4.164532657,,,,,,
483,56.90546734,-0.765467343,,,,,,
484,56.90546734,-1.655467343,,,,,,
485,56.52557537,-1.755575369,,,,,,
486,51.24176024,-1.001760245,,,,,,
487,51.12487041,-4.444870407,,,,,,
488,50.45275384,-3.772753838,,,,,,
489,48.38620854,-25.63620854,,,,,,
490,48.2693187,-22.7593187,,,,,,
491,47.59720213,-12.82720213,,,,,,
492,48.84309681,-12.00309681,,,,,,
493,48.72620697,-2.826206973,,,,,,
494,48.0540904,-6.384090404,,,,,,
495,54.43997816,1.900021843,,,,,,
496,54.32308832,-6.353088319,,,,,,
497,53.65097175,7.80902825,,,,,,
498,50.06575957,-6.035759569,,,,,,
499,49.83197989,5.618020107,,,,,,
500,51.92926993,3.620730073,,,,,,
501,52.19336281,5.726637191,,,,,,
502,49.07371822,-23.46371822,,,,,,
503,49.53060649,-16.04060649,,,,,,
504,55.12748784,4.462512161,,,,,,
505,49.3378111,-19.7878111,,,,,,
506,49.79469937,-11.87469937,,,,,,
507,55.39158072,6.468419279,,,,,,
508,50.36448274,11.68551726,,,,,,
509,48.59410392,-16.58410392,,,,,,
510,51.98055676,20.11944324,,,,,,
511,47.9658193,-8.965819302,,,,,,
512,53.56270065,12.13729935,,,,,,
513,49.12500506,-17.01500506,,,,,,
514,49.58189333,-9.29189333,,,,,,
515,55.17877468,19.18122532,,,,,,
516,20.43201618,1.537983824,,,,,,
517,17.57646447,-7.726464468,,,,,,
518,18.03335274,-2.963352742,,,,,,
519,23.63023409,-0.380234088,,,,,,
520,34.02106413,9.708935867,,,,,,
521,31.16551243,-17.76551243,,,,,,
522,31.6224007,-7.492400699,,,,,,
523,37.21928205,7.300717954,,,,,,
524,50.55644723,12.38355277,,,,,,
525,50.55644723,8.933552771,,,,,,
526,47.70089552,-22.58089552,,,,,,
527,47.70089552,-24.06089552,,,,,,
528,48.1577838,-12.4077838,,,,,,
529,48.1577838,-9.547783795,,,,,,
530,53.75466514,14.99533486,,,,,,
531,53.75466514,13.02533486,,,,,,
532,29.11395698,-5.263956975,,,,,,
533,27.38064145,4.689358552,,,,,,
534,17.44332151,-5.793321507,,,,,,
535,28.18365307,-8.98365307,,,,,,
536,38.12097301,10.72902699,,,,,,
537,31.03920478,8.560795222,,,,,,
538,39.90063077,4.039369234,,,,,,
539,37.50196733,-2.931967332,,,,,,
540,46.982399,7.337601,,,,,,
541,37.04507906,-12.64507906,,,,,,
542,21.97623259,-6.356232591,,,,,,
543,23.8875371,-2.027537096,,,,,,
544,14.40710543,-4.187105428,,,,,,
545,17.90020978,-3.30020978,,,,,,
546,16.80576886,1.944231138,,,,,,
547,24.8317843,7.138215702,,,,,,
548,22.43312086,0.966879136,,,,,,
549,20.29887321,5.271126786,,,,,,
550,31.91355253,9.766447468,,,,,,
551,28.64054134,-0.900541344,,,,,,
552,13.95021715,-5.750217154,,,,,,
553,27.0405444,-17.4205444,,,,,,
554,46.10541082,-20.68541082,,,,,,
555,28.30606333,-12.61606333,,,,,,
556,34.88660667,-6.946606668,,,,,,
557,37.62487426,-4.994874261,,,,,,
558,31.1180246,-13.8780246,,,,,,
559,33.93675521,-14.16675521,,,,,,
560,48.50407426,-9.064074256,,,,,,
561,27.87763297,-2.127632965,,,,,,
562,33.23576463,-0.155764629,,,,,,
563,29.33111085,-5.261110847,,,,,,
564,39.29068681,-17.47068681,,,,,,
565,29.43920783,-8.369207832,,,,,,
566,20.33834454,-5.498344544,,,,,,
567,33.51668804,-1.466688035,,,,,,
568,22.89818076,-10.93818076,,,,,,
569,30.8371012,-5.387101195,,,,,,
570,33.53385231,-11.04385231,,,,,,
571,22.73700798,2.482992022,,,,,,
572,45.77619324,-6.076193243,,,,,,
573,25.47896953,-12.38896953,,,,,,
574,43.36927084,-4.669270843,,,,,,
575,21.81754873,-14.30754873,,,,,,
576,16.72366719,0.856332815,,,,,,
577,24.83348343,-3.653483427,,,,,,
578,24.21621216,-6.01621216,,,,,,
579,35.22621083,-18.02621083,,,,,,
580,25.2968442,-2.666844196,,,,,,
581,36.76746625,-14.90746625,,,,,,
582,32.48794323,-20.11794323,,,,,,
583,21.77214476,3.957855235,,,,,,
584,41.68935025,-3.879350245,,,,,,
585,43.37752981,-21.45752981,,,,,,
586,39.16612969,-6.126129687,,,,,,
587,31.13518888,-16.59518888,,,,,,
588,30.70472676,-3.794726764,,,,,,
589,19.85189489,-11.85189489,,,,,,
590,27.23214686,4.667853139,,,,,,
591,14.32500375,-3.985003751,,,,,,
592,18.2176771,1.5523229,,,,,,
593,31.72977428,5.710225719,,,,,,
594,15.81901367,-4.339013666,,,,,,
595,40.97060741,-16.53060741,,,,,,
596,22.25055833,-4.650558328,,,,,,
597,19.37348133,-8.643481331,,,,,,
598,36.33541864,-4.955418644,,,,,,
599,21.36731358,-8.147313584,,,,,,
600,21.82420186,-0.854201857,,,,,,
601,22.62375633,4.416243665,,,,,,
602,24.22286529,7.817134709,,,,,,
603,31.30463352,3.865366475,,,,,,
604,41.58461967,-5.134619671,,,,,,
605,62.7157023,-23.8257023,,,,,,
606,11.5770189,-5.107018897,,,,,,
607,12.83346165,0.006538352,,,,,,
608,14.4325706,3.987429396,,,,,,
609,21.51433884,0.435661162,,,,,,
610,31.9442434,-7.844243403,,,,,,
611,53.07532604,-27.99532604,,,,,,
612,17.60967444,3.650325561,,,,,,
613,19.2087834,6.761216605,,,,,,
614,16.35323169,-4.993231688,,,,,,
615,26.29055163,4.959448371,,,,,,
616,36.57053778,-4.240537775,,,,,,
617,57.13051007,-23.43051007,,,,,,
618,12.68963552,-3.379635519,,,,,,
619,22.62695546,4.31304454,,,,,,
620,32.90694161,-5.276941606,,,,,,
621,54.03802424,-24.24802424,,,,,,
622,38.97645553,-4.486455526,,,,,,
623,60.10753816,-23.95753816,,,,,,
624,18.75914944,-6.219149439,,,,,,
625,21.61470115,5.915298854,,,,,,
626,28.69646938,4.22353062,,,,,,
627,12.18382559,-2.193825589,,,,,,
628,11.85173068,-4.011730681,,,,,,
629,14.25039412,-2.000394115,,,,,,
630,14.23760183,-3.067601834,,,,,,
631,16.63626527,0.703734732,,,,,,
632,23.85445173,-6.314451732,,,,,,
633,26.25311517,4.316884834,,,,,,
634,18.97106757,-4.771067574,,,,,,
635,21.36973101,3.130268992,,,,,,
636,21.31866216,-5.738662161,,,,,,
637,23.71732559,3.132674405,,,,,,
638,28.58791747,-2.527917472,,,,,,
639,30.98658091,7.223419094,,,,,,
640,33.33417549,10.36582451,,,,,,
641,30.93551206,-0.795512059,,,,,,
642,16.58519642,-3.855196421,,,,,,
643,18.98385985,1.886140145,,,,,,
644,26.0521279,-5.7721279,,,,,,
645,28.45079133,5.839208666,,,,,,
646,33.19453667,-13.65453667,,,,,,
647,35.43544198,12.27455802,,,,,,
648,34.17659511,9.203404891,,,,,,
649,20.99517133,8.894828669,,,,,,
650,24.10239105,-17.20239105,,,,,,
651,23.71381887,9.476181128,,,,,,
652,14.76959773,-9.86959773,,,,,,
653,11.40041028,-6.830410283,,,,,,
654,21.33773022,4.122269776,,,,,,
655,16.63205064,7.657949362,,,,,,
656,26.95794275,6.992057247,,,,,,
657,19.74002846,-8.330028455,,,,,,
658,13.31131763,7.278682367,,,,,,
659,34.87344135,-8.983441355,,,,,,
660,20.39308587,8.836914133,,,,,,
661,24.4931362,6.526863804,,,,,,
662,18.5965079,-8.206507896,,,,,,
663,27.09482687,6.565173125,,,,,,
664,21.50670437,6.363295631,,,,,,
665,25.95501031,-6.60501031,,,,,,
666,15.88170911,-4.491709113,,,,,,
667,32.41777428,-19.62777428,,,,,,
668,35.27332599,4.046674012,,,,,,
669,12.25357069,-7.47357069,,,,,,
670,34.02198601,-17.91198601,,,,,,
671,37.27210479,6.107895211,,,,,,
672,25.98000389,-5.560003886,,,,,,
673,15.42482084,-8.48482084,,,,,,
674,19.78258513,-4.752585127,,,,,,
675,25.52311561,-11.95311561,,,,,,
676,24.70691767,7.823082329,,,,,,
677,24.55927932,-8.809279319,,,,,,
678,11.85729856,-4.177298556,,,,,,
679,36.87753772,1.922462285,,,,,,
680,22.18124856,10.81875144,,,,,,
681,14.25596199,3.02403801,,,,,,
682,18.28037255,5.999627453,,,,,,
683,17.62514944,6.424850563,,,,,,
684,28.5884726,8.001527397,,,,,,
685,42.35509422,8.374905778,,,,,,
686,19.10804093,-5.448040935,,,,,,
687,34.41655308,-20.27655308,,,,,,
688,35.46043555,12.31956445,,,,,,
689,10.45576593,-8.125765926,,,,,,
690,24.69616344,-7.806163441,,,,,,
691,34.47887428,-10.95887428,,,,,,
692,19.32569685,-12.51569685,,,,,,
693,29.26301679,10.43698321,,,,,,
694,15.1091224,2.850877603,,,,,,
695,28.37866732,4.50133268,,,,,,
696,17.41136796,4.938632038,,,,,,
697,15.226486,-4.436486003,,,,,,
698,10.9126542,-3.192654199,,,,,,
699,35.5932001,6.086799898,,,,,,
700,32.73764839,-23.17764839,,,,,,
701,18.65115266,-11.77115266,,,,,,
702,43.95930595,6.570694051,,,,,,
703,20.19691673,-3.026916729,,,,,,
704,22.59558016,7.844419837,,,,,,
705,25.49812204,-15.76812204,,,,,,
706,13.77649893,-10.45649893,,,,,,
707,22.19089063,4.129109369,,,,,,
708,29.6773484,13.5726516,,,,,,
709,14.55581625,-8.275816254,,,,,,
710,25.36214078,6.737859219,,,,,,
711,28.35367374,8.606326256,,,,,,
712,44.35387302,10.24612698,,,,,,
713,32.87466255,-11.39466255,,,,,,
714,24.23927517,-14.54927517,,,,,,
715,12.71045896,-4.340458963,,,,,,
716,28.07693956,11.58306044,,,,,,
717,15.01270453,-4.922704528,,,,,,
718,18.13961962,-13.30961962,,,,,,
719,14.2333872,-3.883387204,,,,,,
720,34.03971099,9.530289013,,,,,,
721,42.67496834,9.185031664,,,,,,
722,20.42770063,-8.577700633,,,,,,
723,20.88458891,-3.644588906,,,,,,
724,23.28325234,4.54674766,,,,,,
725,30.36502057,5.394979426,,,,,,
726,33.79168262,4.908317378,,,,,,
727,22.99699929,-8.68699929,,,,,,
728,23.45388756,-6.013887563,,,,,,
729,25.852551,5.887449003,,,,,,
730,32.93431923,4.975680769,,,,,,
731,36.36098128,3.01901872,,,,,,
732,25.47186576,-9.601865758,,,,,,
733,25.92875403,-16.91875403,,,,,,
734,28.32741747,5.282582535,,,,,,
735,35.4091857,5.250814301,,,,,,
736,38.83584775,2.024152252,,,,,,
737,14.26560793,-2.21560793,,,,,,
738,16.66427136,0.875728636,,,,,,
739,20.28595208,-1.375952079,,,,,,
740,22.68461551,2.495384486,,,,,,
741,18.79478339,12.16521661,,,,,,
742,40.07468861,3.815311387,,,,,,
743,47.15645685,7.123543153,,,,,,
744,33.17388027,3.766119731,,,,,,
745,18.84304582,-4.343045825,,,,,,
746,21.39162768,1.048372322,,,,,,
747,39.42516879,-26.78516879,,,,,,
748,39.65361293,-13.59361293,,,,,,
749,40.1105012,-6.900501205,,,,,,
750,40.91005568,-3.970055683,,,,,,
751,42.50916464,1.580835361,,,,,,
752,48.9504719,3.659528101,,,,,,
753,49.75002638,10.00997362,,,,,,
754,51.34913533,15.96086467,,,,,,
755,58.43090357,11.22909643,,,,,,
756,68.71088971,2.909110287,,,,,,
757,78.99087586,-4.820875859,,,,,,
758,22.2299142,-4.099914204,,,,,,
759,23.02946868,-0.499468682,,,,,,
760,24.62857764,2.711422361,,,,,,
761,27.82679555,2.153204449,,,,,,
762,31.71034587,-0.360345872,,,,,,
763,41.99033202,-9.270332019,,,,,,
764,27.8993727,-21.6293727,,,,,,
765,28.12781683,-13.42781683,,,,,,
766,28.5847051,-5.364705105,,,,,,
767,29.38425958,-1.464259583,,,,,,
768,30.98336854,0.366631461,,,,,,
769,42.44501468,-3.445014685,,,,,,
770,63.00498698,-21.76498698,,,,,,
771,25.24851877,-10.25851877,,,,,,
772,22.2277086,-8.707708598,,,,,,
773,29.20570708,-5.205707077,,,,,,
774,31.60437051,5.815629489,,,,,,
775,31.27179062,-19.80179062,,,,,,
776,21.24170926,1.198290741,,,,,,
777,24.9047911,-3.744791105,,,,,,
778,27.30345454,4.536545461,,,,,,
779,19.93625565,-5.136255653,,,,,,
780,22.33491909,2.845080913,,,,,,
781,16.79610357,0.743896432,,,,,,
782,19.21524909,-5.015249087,,,,,,
783,21.61391252,0.036087479,,,,,,
784,28.69568075,0.694319245,,,,,,
785,20.43717333,-6.91717333,,,,,,
786,22.68459687,-6.424596871,,,,,,
787,25.0832603,6.366739695,,,,,,
788,32.16502854,5.064971461,,,,,,
789,25.70540704,-7.575407045,,,,,,
790,28.10407048,4.615929521,,,,,,
791,35.18583871,4.304161287,,,,,,
792,45.46582486,-4.415824859,,,,,,
793,66.02579715,-23.89579715,,,,,,
794,18.12685537,0.003144629,,,,,,
795,37.08771871,-10.34771871,,,,,,
796,64.51512999,-2.595129991,,,,,,
797,49.59093287,-2.370932873,,,,,,
798,59.87091902,-8.830919019,,,,,,
799,70.15090516,-14.99090516,,,,,,
800,48.49358363,-6.853583626,,,,,,
801,15.84714556,-2.137145558,,,,,,
802,18.24580899,1.444191008,,,,,,
803,27.14067861,4.509321395,,,,,,
804,27.61554765,-8.505547652,,,,,,
805,30.47109936,9.10890064,,,,,,
806,37.55286759,11.23713241,,,,,,
807,29.3556255,-5.355625496,,,,,,
808,31.75428893,5.66571107,,,,,,
809,15.69722714,-4.227227139,,,,,,
810,18.24580899,1.444191008,,,,,,
811,20.5287749,-5.538774904,,,,,,
812,22.92743834,4.992561662,,,,,,
813,30.00920657,4.670793428,,,,,,
814,40.28919272,-2.959192718,,,,,,
815,60.84916501,-22.73916501,,,,,,
816,44.2978239,-10.4978239,,,,,,
817,44.75471218,-2.334712177,,,,,,
818,45.55426665,2.845733345,,,,,,
819,47.15337561,8.786624389,,,,,,
820,54.23514384,4.544856155,,,,,,
821,74.79511614,-7.685116137,,,,,,
822,20.17970609,0.590293907,,,,,,
823,21.77881505,3.401184951,,,,,,
824,39.14056943,-9.550569429,,,,,,
825,19.72596433,2.024035673,,,,,,
826,33.32379869,5.766201311,,,,,,
827,37.21913691,-12.82913691,,,,,,
828,52.41391735,-1.903917346,,,,,,
829,54.81258078,20.17741922,,,,,,
830,31.91664222,5.253357782,,,,,,
831,40.85825824,-7.098258244,,,,,,
832,23.04121337,-6.541213369,,,,,,
833,21.88741062,-1.897410618,,,,,,
834,39.96767694,-3.617676937,,,,,,
835,52.53723396,-18.84723396,,,,,,
836,28.17622413,-12.75622413,,,,,,
837,31.26413688,2.155863119,,,,,,
838,31.29518986,7.754810139,,,,,,
839,34.51314142,-6.833141416,,,,,,
840,26.72324697,0.136753033,,,,,,
841,42.35895284,2.941047159,,,,,,
842,30.31787183,-0.197871829,,,,,,
843,26.11808306,-10.54808306,,,,,,
844,34.60449061,10.00550939,,,,,,
845,39.93140613,13.58859387,,,,,,
846,39.69715033,17.51284967,,,,,,
847,46.73658791,19.17341209,,,,,,
848,43.6227526,9.197247405,,,,,,
849,31.74757958,1.652420422,,,,,,
850,22.26737431,-4.237374308,,,,,,
851,32.60200377,4.757996226,,,,,,
852,33.51053368,-0.67053368,,,,,,
853,31.19910898,11.44089102,,,,,,
854,29.76750647,10.29249353,,,,,,
855,39.93221854,2.007781462,,,,,,
856,44.6115769,16.6184231,,,,,,
857,39.47938793,1.390612071,,,,,,
858,36.50539728,-3.205397284,,,,,,
859,39.88792557,12.53207443,,,,,,
860,26.20169876,-11.11169876,,,,,,
861,37.39705199,1.062948007,,,,,,
862,36.99258786,0.267412145,,,,,,
863,20.1136702,15.1163298,,,,,,
864,35.60851162,6.521488384,,,,,,
865,27.64676119,4.223238814,,,,,,
866,34.24205954,7.297940455,,,,,,
867,36.18595169,3.264048312,,,,,,
868,35.35696207,2.553037928,,,,,,
869,39.78142585,4.498574148,,,,,,
870,33.39189628,-2.211896283,,,,,,
871,26.44050879,-2.75050879,,,,,,
872,29.00316823,3.756831773,,,,,,
873,31.86915949,0.530840513,,,,,,
874,18.24295614,10.38704386,,,,,,
875,34.98819666,1.811803341,,,,,,
876,24.14882729,-5.868827287,,,,,,
877,24.40401212,8.655987875,,,,,,
878,25.34126274,6.078737261,,,,,,
879,22.32061129,8.709388709,,,,,,
880,40.39621901,3.993780995,,,,,,
881,17.0955664,-4.915566404,,,,,,
882,30.88004543,-5.320045429,,,,,,
883,23.34319434,13.09680566,,,,,,
884,32.9924665,-0.032466497,,,,,,
885,28.07823656,-4.238236555,,,,,,
886,31.16410382,-4.93410382,,,,,,
887,25.51390982,-7.563909824,,,,,,
888,34.91667501,5.763324991,,,,,,
889,23.59261136,-4.582611356,,,,,,
890,33.56091726,0.159082744,,,,,,
891,16.81284145,-8.272841446,,,,,,
892,26.9781786,-13.5181786,,,,,,
893,26.09169524,6.148304758,,,,,,
894,25.65911123,-2.139111228,,,,,,
895,31.30209803,-1.582098029,,,,,,
896,37.9855863,11.7844137,,,,,,
897,42.23445906,10.20554094,,,,,,
898,36.78937727,4.140622727,,,,,,
899,28.04130686,16.81869314,,,,,,
900,19.20203798,-6.002037982,,,,,,
901,32.83739205,4.592607954,,,,,,
902,31.00015254,-1.13015254,,,,,,
903,41.14371337,15.46628663,,,,,,
904,17.71599224,-5.255992239,,,,,,
905,24.5267208,-0.736720796,,,,,,
906,20.20870243,-6.918702426,,,,,,
907,38.75524826,0.664751741,,,,,,
908,47.63334864,-1.403348643,,,,,,
909,50.40714425,-5.887144247,,,,,,
910,23.24726825,0.492731751,,,,,,
911,28.57217003,-2.432170028,,,,,,
912,23.872832,-8.352832,,,,,,
913,37.17461504,6.395384964,,,,,,
914,37.25536538,-1.395365378,,,,,,
915,40.11216061,0.937839385,,,,,,
916,33.69736548,-4.707365483,,,,,,
917,32.98406054,13.25593946,,,,,,
918,25.52678742,1.393212581,,,,,,
919,17.48160858,-6.941608577,,,,,,
920,27.70076258,-2.600762585,,,,,,
921,33.32166174,-4.251661736,,,,,,
922,18.09388575,-8.353885748,,,,,,
923,32.6333382,1.166661804,,,,,,
924,34.18841226,5.651587744,,,,,,
925,28.18330688,-1.213306884,,,,,,
926,30.82737087,-3.597370871,,,,,,
927,37.12267853,-6.472678527,,,,,,
928,35.94253945,-2.89253945,,,,,,
929,33.71123718,-9.131237178,,,,,,
930,26.72275395,-4.812753945,,,,,,
931,35.5376983,-4.657698302,,,,,,
932,23.97269838,-8.632698379,,,,,,
933,28.16089107,-3.820891065,,,,,,
934,39.83757598,-15.94757598,,,,,,
935,26.64387183,-3.713871834,,,,,,
936,30.24441718,-0.834417182,,,,,,
937,18.26504249,10.36495751,,,,,,
938,34.94131302,1.858686977,,,,,,
939,24.15183706,-5.861837058,,,,,,
940,24.48185715,8.238142846,,,,,,
941,25.12049616,6.29950384,,,,,,
942,22.44085446,6.499145538,,,,,,
943,40.36081834,0.569181661,,,,,,
944,16.94764238,-4.767642376,,,,,,
945,30.80920093,-5.249200926,,,,,,
946,23.39603833,13.04396167,,,,,,
947,32.95578816,0.004211838,,,,,,
948,28.07796668,-4.237966677,,,,,,
949,31.10474229,-4.874742287,,,,,,
950,25.50334894,-7.543348939,,,,,,
951,34.92124262,3.708757378,,,,,,
952,23.50913068,-4.499130676,,,,,,
953,33.44137108,0.278628915,,,,,,
954,16.88950037,-8.349500373,,,,,,
955,26.90574639,-13.44574639,,,,,,
956,25.9461494,6.303850598,,,,,,
957,25.6486905,-2.1286905,,,,,,
958,31.49645908,-1.766459081,,,,,,
959,38.13664558,11.63335442,,,,,,
960,42.11648394,10.33351606,,,,,,
961,36.78295948,4.14704052,,,,,,
962,28.2254354,16.6445646,,,,,,
963,19.20105746,-6.001057462,,,,,,
964,32.8187679,4.611232098,,,,,,
965,31.16375606,-1.293756065,,,,,,
966,41.09253629,15.52746371,,,,,,
967,17.65986882,-5.199868822,,,,,,
968,24.52611332,-0.736113325,,,,,,
969,20.11437811,-6.82437811,,,,,,
970,38.97069667,0.449303331,,,,,,
971,47.70293378,-1.472933784,,,,,,
972,50.29367988,-5.773679885,,,,,,
973,23.29400699,0.445993009,,,,,,
974,28.74317644,-2.593176436,,,,,,
975,23.83788698,-8.307886982,,,,,,
976,37.21477621,6.365223791,,,,,,
977,37.31645266,-1.446452664,,,,,,
978,40.06527698,0.984723021,,,,,,
979,33.79962557,-4.809625575,,,,,,
980,32.825608,13.424392,,,,,,
981,25.55176954,1.368230456,,,,,,
982,17.50121038,-6.96121038,,,,,,
983,27.64844165,-2.548441648,,,,,,
984,33.48814914,-4.418149143,,,,,,
985,18.03414509,-8.294145089,,,,,,
986,32.8606431,0.939356895,,,,,,
987,31.92439949,5.245600512,,,,,,
988,40.85886178,-7.098861784,,,,,,
989,23.05627392,-6.556273919,,,,,,
990,21.77898452,-1.788984522,,,,,,
991,40.0822728,-3.732272802,,,,,,
992,52.58350282,-14.36350282,,,,,,
993,28.03498845,-12.61498845,,,,,,
994,31.35837098,2.061629022,,,,,,
995,31.22517348,7.834826518,,,,,,
996,34.43921002,-6.759210018,,,,,,
997,26.72619659,0.133803409,,,,,,
998,42.35859739,2.941402615,,,,,,
999,30.21156487,-0.09156487,,,,,,
1000,26.04804204,-10.47804204,,,,,,
1001,34.56914293,10.04085707,,,,,,
1002,39.88774106,13.63225894,,,,,,
1003,39.56201574,17.65798426,,,,,,
1004,46.57812937,19.33187063,,,,,,
1005,43.70951339,9.120486608,,,,,,
1006,31.86954317,1.530456826,,,,,,
1007,22.23033312,-4.200333121,,,,,,
1008,32.46731494,4.892685065,,,,,,
1009,33.615869,1.694131,,,,,,
1010,31.18438257,11.45561743,,,,,,
1011,29.7396821,10.3203179,,,,,,
1012,40.03106124,3.768938761,,,,,,
1013,44.56874454,16.67125546,,,,,,
1014,39.40256887,1.467431132,,,,,,
1015,36.59589033,-3.285890325,,,,,,
1016,40.09247257,12.33752743,,,,,,
1017,26.0930054,-11.0030054,,,,,,
1018,37.38553853,1.074461472,,,,,,
1019,37.09862076,0.171379239,,,,,,
1020,20.012182,15.217818,,,,,,
1021,35.60475254,6.535247464,,,,,,
1022,27.74172362,4.138276378,,,,,,
1023,34.12278452,7.417215476,,,,,,
1024,36.16993231,3.290067693,,,,,,
1025,35.20049595,2.719504046,,,,,,
1026,39.89433852,4.385661483,,,,,,
1027,33.50384078,-2.323840778,,,,,,
1028,26.46841169,-2.768411689,,,,,,
1029,29.12237014,3.647629857,,,,,,
1030,31.89770807,0.502291933,,,,,,
